{
    "crosshair": {
        "x": [
            0, 1, 2, 3, 4, 5, 6, 7, 8, 9, 10, 11, 12, 13, 14, 15, 16, 17, 18,
            19, 20, 21, 22, 23, 24, 25, 26, 27, 28, 29, 30, 31, 32, 33, 34, 35,
            36, 37, 38, 39, 40, 41, 42, 43, 44, 45, 46, 47, 48, 49, 50, 51, 52,
            53, 54, 55, 56, 57, 58, 59, 60, 61, 62, 63, 64, 65, 66, 67, 68, 69,
            70, 71, 72, 73, 74, 75, 76, 77, 78, 79, 80, 81, 82, 83, 84, 85, 86,
            87, 88, 89, 90, 91, 92, 93, 94, 95
        ],
        "y": [
            0.00018085314476663124, 0.00016042690507591642,
            0.00015197295185802117, 0.00021127817807403937,
            0.00016868043268840793, 0.00015753980791807218,
            0.00018124955734783948, 0.00020881354605969125,
            0.00021063406158750613, 0.00022769987853713227,
            0.00017201987244963257, 0.00022409492509548905,
            0.0003131548977317711, 0.00040679911529979863,
            0.0004399033399752228, 0.00043299778136964196,
            0.0004973976287947856, 0.0006255510168261341, 0.0006489904322797269,
            0.0005508588873289976, 0.0005949089484073328, 0.0006136445594699135,
            0.000648988999841928, 0.0005420651549656526, 0.0004832440418372949,
            0.0005067680293981764, 0.0005124625653911881,
            0.00044963350581749006, 0.00043261335123994716,
            0.0004588837598447872, 0.000491778521311091, 0.0005049747832035664,
            0.0005245558881277583, 0.0006712622961170652, 0.000714047842754284,
            0.0006968725549919514, 0.0006727148997943307, 0.0008565333064061746,
            0.0008174576012578965, 0.0008622984395438934, 0.0008497878457499422,
            0.0007933729820596652, 0.000829140757745835, 0.000993092598528281,
            0.000911718044453635, 0.0009017571187285871, 0.000973823563725732,
            0.001081880493623462, 0.0011871863058941776, 0.0011302068873369328,
            0.0011500749981328872, 0.001136533075250527, 0.0012028631509810107,
            0.0012835743012616075, 0.001430827915964088, 0.0014052539448282365,
            0.0013744283789337152, 0.0014944239036024805, 0.0016010448343323224,
            0.001763209979156563, 0.0018800767803675983, 0.0020090822320370434,
            0.0021487177473552914, 0.0024246395526687655, 0.0026477401071708304,
            0.0027164597697273583, 0.0030321293891035113, 0.003064905350930148,
            0.0030277395407102056, 0.0033603242643886824, 0.0032933042560812985,
            0.0034292458414942506, 0.003444047655076098, 0.0035268786501024903,
            0.0036635776069225343, 0.003694505725272801, 0.003799674998583111,
            0.003769086999105134, 0.004041958750708275, 0.004013965293206083,
            0.004468876367487547, 0.004684444660741389, 0.00472855749361181,
            0.005051234669305906, 0.005038740147742223, 0.004996394373214244,
            0.005262864258442827, 0.005905974668519891, 0.0064055139759337685,
            0.00627895742830272, 0.00701164166921755, 0.007648074555728993,
            0.0075001974353152544, 0.00819749905312549, 0.00880014555066426,
            0.008880898627865388
        ]
    },
    "scene": {
        "x": [
            0, 1, 2, 3, 4, 5, 6, 7, 8, 9, 10, 11, 12, 13, 14, 15, 16, 17, 18,
            19, 20, 21, 22, 23, 24, 25, 26, 27, 28, 29, 30, 31, 32, 33, 34, 35,
            36, 37, 38, 39, 40, 41, 42, 43, 44, 45, 46, 47, 48, 49, 50, 51, 52,
            53, 54, 55, 56, 57, 58, 59, 60, 61, 62, 63, 64, 65, 66, 67, 68, 69,
            70, 71, 72, 73, 74, 75, 76, 77, 78, 79, 80, 81, 82, 83, 84, 85, 86,
            87, 88, 89, 90, 91, 92, 93, 94, 95
        ],
        "y": [
            9.533310507030236e-5, 9.516290666726234e-5, 9.315898868356863e-5,
            8.684479572789442e-5, 8.976306160294119e-5, 9.101009574693088e-5,
            9.04577593021597e-5, 9.090467016375866e-5, 9.085849531075277e-5,
            0.00010059276401506584, 0.00012742827258408534,
            0.00016085233165248766, 0.0002005837576762482,
            0.00023995415155420632, 0.0002789813156373121,
            0.00031306237759603204, 0.0003560758264580218,
            0.00038962978834539825, 0.0003862048917006706,
            0.00036275613137404315, 0.0003271929961216599,
            0.0002964382012758908, 0.0002777579182654727,
            0.00026583826958919375, 0.00025045135125851805,
            0.0002472623063904166, 0.0002364835352869402, 0.0002220294362478414,
            0.00022793142463751277, 0.00023505833065322324,
            0.00024124246563268523, 0.00024740939567692, 0.0002632590814392433,
            0.00028109353152633336, 0.00029388819285342373,
            0.00031566196856210233, 0.0003327477739564534,
            0.00033693825371070496, 0.0003664158701529031,
            0.0004024673468850451, 0.000412730091019332, 0.00043161229887328197,
            0.00045991101821036065, 0.00047341646209277626,
            0.0004937428207266212, 0.0005152688886014171, 0.0005329719974855324,
            0.0005741206640833939, 0.0005766262308975615, 0.0005580659416201416,
            0.0005761366206904506, 0.0005748859709021336, 0.0005823894634310525,
            0.0006143633658084282, 0.0006607686473262112, 0.0006529331668311253,
            0.0006505720719883779, 0.0007040063719710081, 0.0007455377264356656,
            0.0007799604541465547, 0.000819693985553872, 0.0008680594437870545,
            0.0009131522978921098, 0.0009902707633396115, 0.0010589458893430852,
            0.0010969868179302217, 0.0011550324481674763, 0.0011895171546764782,
            0.0012459822219135985, 0.0013141990039251571, 0.0012709146253150657,
            0.0011868260383467396, 0.0011895470713777867, 0.0012219173642162094,
            0.0012042722323895897, 0.0012100203584503384, 0.0012331537059359083,
            0.0012387346927999283, 0.0012750275753223841, 0.0013397098635449724,
            0.0014124952480951713, 0.0015013631281418204, 0.0016076718238793542,
            0.0016887393626017746, 0.0017397347316279233, 0.0018187969535472925,
            0.001941689336322169, 0.0021549580808701853, 0.002372179340423707,
            0.0025921491388657602, 0.0028498596031900666, 0.0029819805301433485,
            0.0031327564674016374, 0.003445770586913707, 0.003639727819657954,
            0.0037563151867141477
        ]
    }
}
